<ImportExportXml version="9.2.22103.172" SolutionPackageVersion="9.2" languagecode="1033" generatedBy="CrmLive" xmlns:xsi="http://www.w3.org/2001/XMLSchema-instance">
  <SolutionManifest>
    <UniqueName>BITS_CPAD_Assignment</UniqueName>
    <LocalizedNames>
      <LocalizedName description="BITS_CPAD_Assignment" languagecode="1033" />
    </LocalizedNames>
    <Descriptions />
    <Version>1.0.0.1</Version>
    <Managed>1</Managed>
    <Publisher>
      <UniqueName>DefaultPublisherorga77d474a</UniqueName>
      <LocalizedNames>
        <LocalizedName description="Default Publisher for orga77d474a" languagecode="1033" />
      </LocalizedNames>
      <Descriptions>
        <Description description="Default publisher for this organization" languagecode="1033" />
      </Descriptions>
      <EMailAddress xsi:nil="true"></EMailAddress>
      <SupportingWebsiteUrl xsi:nil="true"></SupportingWebsiteUrl>
      <CustomizationPrefix>new</CustomizationPrefix>
      <CustomizationOptionValuePrefix>10000</CustomizationOptionValuePrefix>
      <Addresses>
        <Address>
          <AddressNumber>1</AddressNumber>
          <AddressTypeCode xsi:nil="true"></AddressTypeCode>
          <City xsi:nil="true"></City>
          <County xsi:nil="true"></County>
          <Country xsi:nil="true"></Country>
          <Fax xsi:nil="true"></Fax>
          <FreightTermsCode xsi:nil="true"></FreightTermsCode>
          <ImportSequenceNumber xsi:nil="true"></ImportSequenceNumber>
          <Latitude xsi:nil="true"></Latitude>
          <Line1 xsi:nil="true"></Line1>
          <Line2 xsi:nil="true"></Line2>
          <Line3 xsi:nil="true"></Line3>
          <Longitude xsi:nil="true"></Longitude>
          <Name xsi:nil="true"></Name>
          <PostalCode xsi:nil="true"></PostalCode>
          <PostOfficeBox xsi:nil="true"></PostOfficeBox>
          <PrimaryContactName xsi:nil="true"></PrimaryContactName>
          <ShippingMethodCode xsi:nil="true"></ShippingMethodCode>
          <StateOrProvince xsi:nil="true"></StateOrProvince>
          <Telephone1 xsi:nil="true"></Telephone1>
          <Telephone2 xsi:nil="true"></Telephone2>
          <Telephone3 xsi:nil="true"></Telephone3>
          <TimeZoneRuleVersionNumber xsi:nil="true"></TimeZoneRuleVersionNumber>
          <UPSZone xsi:nil="true"></UPSZone>
          <UTCOffset xsi:nil="true"></UTCOffset>
          <UTCConversionTimeZoneCode xsi:nil="true"></UTCConversionTimeZoneCode>
        </Address>
        <Address>
          <AddressNumber>2</AddressNumber>
          <AddressTypeCode xsi:nil="true"></AddressTypeCode>
          <City xsi:nil="true"></City>
          <County xsi:nil="true"></County>
          <Country xsi:nil="true"></Country>
          <Fax xsi:nil="true"></Fax>
          <FreightTermsCode xsi:nil="true"></FreightTermsCode>
          <ImportSequenceNumber xsi:nil="true"></ImportSequenceNumber>
          <Latitude xsi:nil="true"></Latitude>
          <Line1 xsi:nil="true"></Line1>
          <Line2 xsi:nil="true"></Line2>
          <Line3 xsi:nil="true"></Line3>
          <Longitude xsi:nil="true"></Longitude>
          <Name xsi:nil="true"></Name>
          <PostalCode xsi:nil="true"></PostalCode>
          <PostOfficeBox xsi:nil="true"></PostOfficeBox>
          <PrimaryContactName xsi:nil="true"></PrimaryContactName>
          <ShippingMethodCode xsi:nil="true"></ShippingMethodCode>
          <StateOrProvince xsi:nil="true"></StateOrProvince>
          <Telephone1 xsi:nil="true"></Telephone1>
          <Telephone2 xsi:nil="true"></Telephone2>
          <Telephone3 xsi:nil="true"></Telephone3>
          <TimeZoneRuleVersionNumber xsi:nil="true"></TimeZoneRuleVersionNumber>
          <UPSZone xsi:nil="true"></UPSZone>
          <UTCOffset xsi:nil="true"></UTCOffset>
          <UTCConversionTimeZoneCode xsi:nil="true"></UTCConversionTimeZoneCode>
        </Address>
      </Addresses>
    </Publisher>
    <RootComponents>
      <RootComponent type="1" schemaName="campaign" behavior="0" />
      <RootComponent type="1" schemaName="contact" behavior="1" />
      <RootComponent type="1" schemaName="lead" behavior="1" />
      <RootComponent type="1" schemaName="list" behavior="1" />
      <RootComponent type="1" schemaName="opportunity" behavior="1" />
      <RootComponent type="31" id="{c52d6134-7d04-e711-80e6-00155db8652a}" schemaName="1033{1ae24c1b-4fb3-438a-9baa-d99fc432443d}" behavior="0" />
      <RootComponent type="60" id="{12026796-5c5d-ed11-9562-6045bdac3edb}" behavior="0" />
      <RootComponent type="60" id="{53f96ccd-5c5d-ed11-9562-6045bdac3edb}" behavior="0" />
      <RootComponent type="60" id="{832af0ce-555d-ed11-9562-6045bdac3edb}" behavior="0" />
      <RootComponent type="60" id="{d0523195-595d-ed11-9562-6045bdac3edb}" behavior="0" />
      <RootComponent type="80" schemaName="new_VaccinationProject" behavior="0" />
    </RootComponents>
    <MissingDependencies>
      <MissingDependency>
        <Required type="1" schemaName="bulkoperation" displayName="Quick Campaign" solution="msdynce_Marketing (9.0.4.37)" />
        <Dependent type="60" displayName="Marketing List" parentDisplayName="Student List" id="{6e77626b-e693-44f0-a1c7-359b1a7a9a4c}" />
      </MissingDependency>
      <MissingDependency>
        <Required type="1" schemaName="bulkoperation" displayName="Quick Campaign" solution="msdynce_Marketing (9.0.4.37)" />
        <Dependent type="80" schemaName="new_VaccinationProject" displayName="BITS_Vaccination_Tracker" />
      </MissingDependency>
      <MissingDependency>
        <Required type="1" schemaName="campaign" displayName="Vaccination Drive" solution="msdynce_Marketing (9.0.4.37)" />
        <Dependent type="1" schemaName="campaign" displayName="Vaccination Drive" />
      </MissingDependency>
      <MissingDependency>
        <Required type="1" schemaName="campaignactivity" displayName="Campaign Activity" solution="msdynce_Marketing (9.0.4.37)" />
        <Dependent type="60" displayName="Campaign" parentDisplayName="Vaccination Drive" id="{6356ff2a-bbbe-49fb-9da2-160b08865688}" />
      </MissingDependency>
      <MissingDependency>
        <Required type="1" schemaName="campaignresponse" displayName="Campaign Response" solution="msdynce_Marketing (9.0.4.37)" />
        <Dependent type="60" displayName="Campaign" parentDisplayName="Vaccination Drive" id="{6356ff2a-bbbe-49fb-9da2-160b08865688}" />
      </MissingDependency>
      <MissingDependency>
        <Required type="1" schemaName="lead" displayName="Lead" solution="msdynce_LeadManagement (9.0.4.0066)" />
        <Dependent type="1" schemaName="lead" displayName="Lead" />
      </MissingDependency>
      <MissingDependency>
        <Required type="1" schemaName="list" displayName="Student List" solution="msdynce_Marketing (9.0.4.37)" />
        <Dependent type="1" schemaName="list" displayName="Student List" />
      </MissingDependency>
      <MissingDependency>
        <Required type="1" schemaName="listoperation" displayName="List Operation" solution="msdynce_MarketingPatch201905 (9.0.22093.10001)" />
        <Dependent type="60" displayName="Marketing List" parentDisplayName="Student List" id="{6e77626b-e693-44f0-a1c7-359b1a7a9a4c}" />
      </MissingDependency>
      <MissingDependency>
        <Required type="1" schemaName="opportunity" displayName="Opportunity" solution="msdynce_Sales (9.0.4.0076)" />
        <Dependent type="1" schemaName="opportunity" displayName="Opportunity" />
      </MissingDependency>
      <MissingDependency>
        <Required type="2" schemaName="actualend" displayName="Actual End Date" parentSchemaName="campaign" parentDisplayName="Vaccination Drive" solution="msdynce_Marketing (9.0.4.37)" />
        <Dependent type="26" schemaName="Upcoming Vaccination Drives" displayName="Upcoming Vaccination Drives" parentSchemaName="campaign" parentDisplayName="Vaccination Drive" id="{c933b407-c568-df11-986c-00155d2e3002}" />
      </MissingDependency>
      <MissingDependency>
        <Required type="2" schemaName="actualend" displayName="Actual End Date" parentSchemaName="campaign" parentDisplayName="Vaccination Drive" solution="msdynce_Marketing (9.0.4.37)" />
        <Dependent type="60" displayName="Campaign" parentDisplayName="Vaccination Drive" id="{6356ff2a-bbbe-49fb-9da2-160b08865688}" />
      </MissingDependency>
      <MissingDependency>
        <Required type="2" schemaName="actualstart" displayName="Actual Start Date" parentSchemaName="campaign" parentDisplayName="Vaccination Drive" solution="msdynce_Marketing (9.0.4.37)" />
        <Dependent type="26" schemaName="All Vaccination Drives" displayName="All Vaccination Drives" parentSchemaName="campaign" parentDisplayName="Vaccination Drive" id="{7f68a34b-26f1-430f-b3ef-7079f2925c69}" />
      </MissingDependency>
      <MissingDependency>
        <Required type="2" schemaName="actualstart" displayName="Actual Start Date" parentSchemaName="campaign" parentDisplayName="Vaccination Drive" solution="msdynce_Marketing (9.0.4.37)" />
        <Dependent type="59" schemaName="Drives by Date" displayName="Drives by Date" parentSchemaName="campaign" parentDisplayName="Vaccination Drive" id="{260e8110-5c5d-ed11-9562-6045bdac3edb}" />
      </MissingDependency>
      <MissingDependency>
        <Required type="2" schemaName="actualstart" displayName="Actual Start Date" parentSchemaName="campaign" parentDisplayName="Vaccination Drive" solution="msdynce_Marketing (9.0.4.37)" />
        <Dependent type="60" displayName="Campaign" parentDisplayName="Vaccination Drive" id="{6356ff2a-bbbe-49fb-9da2-160b08865688}" />
      </MissingDependency>
      <MissingDependency>
        <Required type="2" schemaName="budgetedcost" displayName="Budget Allocated" parentSchemaName="campaign" parentDisplayName="Vaccination Drive" solution="msdynce_Marketing (9.0.4.37)" />
        <Dependent type="60" displayName="Campaign" parentDisplayName="Vaccination Drive" id="{6356ff2a-bbbe-49fb-9da2-160b08865688}" />
      </MissingDependency>
      <MissingDependency>
        <Required type="2" schemaName="campaignid" displayName="Campaign" parentSchemaName="campaign" parentDisplayName="Vaccination Drive" solution="msdynce_Marketing (9.0.4.37)" />
        <Dependent type="26" schemaName="All Vaccination Drives" displayName="All Vaccination Drives" parentSchemaName="campaign" parentDisplayName="Vaccination Drive" id="{7f68a34b-26f1-430f-b3ef-7079f2925c69}" />
      </MissingDependency>
      <MissingDependency>
        <Required type="2" schemaName="campaignid" displayName="Campaign" parentSchemaName="campaign" parentDisplayName="Vaccination Drive" solution="msdynce_Marketing (9.0.4.37)" />
        <Dependent type="26" schemaName="Upcoming Vaccination Drives" displayName="Upcoming Vaccination Drives" parentSchemaName="campaign" parentDisplayName="Vaccination Drive" id="{c933b407-c568-df11-986c-00155d2e3002}" />
      </MissingDependency>
      <MissingDependency>
        <Required type="2" schemaName="campaignid" displayName="Campaign" parentSchemaName="campaign" parentDisplayName="Vaccination Drive" solution="msdynce_Marketing (9.0.4.37)" />
        <Dependent type="26" schemaName="Launched Vaccination Drives" displayName="Launched Vaccination Drives" parentSchemaName="campaign" parentDisplayName="Vaccination Drive" id="{e0ae0e28-bae2-41e8-bc76-adc046eb6987}" />
      </MissingDependency>
      <MissingDependency>
        <Required type="2" schemaName="campaignid" displayName="Campaign" parentSchemaName="campaign" parentDisplayName="Vaccination Drive" solution="msdynce_Marketing (9.0.4.37)" />
        <Dependent type="31" schemaName="1033{1ae24c1b-4fb3-438a-9baa-d99fc432443d}" displayName="Vaccination Drive Performance" id="{c52d6134-7d04-e711-80e6-00155db8652a}" />
      </MissingDependency>
      <MissingDependency>
        <Required type="2" schemaName="codename" displayName="Vaccination Drive Code" parentSchemaName="campaign" parentDisplayName="Vaccination Drive" solution="msdynce_Marketing (9.0.4.37)" />
        <Dependent type="2" schemaName="codename" displayName="Vaccination Drive Code" parentSchemaName="campaign" parentDisplayName="Vaccination Drive" />
      </MissingDependency>
      <MissingDependency>
        <Required type="2" schemaName="createdon" displayName="Created On" parentSchemaName="campaign" parentDisplayName="Vaccination Drive" solution="msdynce_Marketing (9.0.4.37)" />
        <Dependent type="26" schemaName="All Vaccination Drives" displayName="All Vaccination Drives" parentSchemaName="campaign" parentDisplayName="Vaccination Drive" id="{7f68a34b-26f1-430f-b3ef-7079f2925c69}" />
      </MissingDependency>
      <MissingDependency>
        <Required type="2" schemaName="createdon" displayName="Created On" parentSchemaName="campaign" parentDisplayName="Vaccination Drive" solution="msdynce_Marketing (9.0.4.37)" />
        <Dependent type="26" schemaName="Upcoming Vaccination Drives" displayName="Upcoming Vaccination Drives" parentSchemaName="campaign" parentDisplayName="Vaccination Drive" id="{c933b407-c568-df11-986c-00155d2e3002}" />
      </MissingDependency>
      <MissingDependency>
        <Required type="2" schemaName="createdon" displayName="Created On" parentSchemaName="campaign" parentDisplayName="Vaccination Drive" solution="msdynce_Marketing (9.0.4.37)" />
        <Dependent type="26" schemaName="Launched Vaccination Drives" displayName="Launched Vaccination Drives" parentSchemaName="campaign" parentDisplayName="Vaccination Drive" id="{e0ae0e28-bae2-41e8-bc76-adc046eb6987}" />
      </MissingDependency>
      <MissingDependency>
        <Required type="2" schemaName="createdon" displayName="Created On" parentSchemaName="campaign" parentDisplayName="Vaccination Drive" solution="msdynce_Marketing (9.0.4.37)" />
        <Dependent type="60" displayName="Vaccination Drives Overview Dashboard" id="{12026796-5c5d-ed11-9562-6045bdac3edb}" />
      </MissingDependency>
      <MissingDependency>
        <Required type="2" schemaName="createdon" displayName="Created On" parentSchemaName="campaign" parentDisplayName="Vaccination Drive" solution="msdynce_Marketing (9.0.4.37)" />
        <Dependent type="60" displayName="Campaign" parentDisplayName="Vaccination Drive" id="{6356ff2a-bbbe-49fb-9da2-160b08865688}" />
      </MissingDependency>
      <MissingDependency>
        <Required type="2" schemaName="description" displayName="Description" parentSchemaName="campaign" parentDisplayName="Vaccination Drive" solution="msdynce_Marketing (9.0.4.37)" />
        <Dependent type="60" displayName="Campaign" parentDisplayName="Vaccination Drive" id="{6356ff2a-bbbe-49fb-9da2-160b08865688}" />
      </MissingDependency>
      <MissingDependency>
        <Required type="2" schemaName="istemplate" displayName="Template" parentSchemaName="campaign" parentDisplayName="Vaccination Drive" solution="msdynce_Marketing (9.0.4.37)" />
        <Dependent type="26" schemaName="All Vaccination Drives" displayName="All Vaccination Drives" parentSchemaName="campaign" parentDisplayName="Vaccination Drive" id="{7f68a34b-26f1-430f-b3ef-7079f2925c69}" />
      </MissingDependency>
      <MissingDependency>
        <Required type="2" schemaName="modifiedby" displayName="Modified By" parentSchemaName="campaign" parentDisplayName="Vaccination Drive" solution="msdynce_Marketing (9.0.4.37)" />
        <Dependent type="60" displayName="Campaign" parentDisplayName="Vaccination Drive" id="{6356ff2a-bbbe-49fb-9da2-160b08865688}" />
      </MissingDependency>
      <MissingDependency>
        <Required type="2" schemaName="modifiedon" displayName="Modified On" parentSchemaName="campaign" parentDisplayName="Vaccination Drive" solution="msdynce_Marketing (9.0.4.37)" />
        <Dependent type="60" displayName="Campaign" parentDisplayName="Vaccination Drive" id="{6356ff2a-bbbe-49fb-9da2-160b08865688}" />
      </MissingDependency>
      <MissingDependency>
        <Required type="2" schemaName="name" displayName="Name" parentSchemaName="campaign" parentDisplayName="Vaccination Drive" solution="msdynce_Marketing (9.0.4.37)" />
        <Dependent type="26" schemaName="All Vaccination Drives" displayName="All Vaccination Drives" parentSchemaName="campaign" parentDisplayName="Vaccination Drive" id="{7f68a34b-26f1-430f-b3ef-7079f2925c69}" />
      </MissingDependency>
      <MissingDependency>
        <Required type="2" schemaName="name" displayName="Name" parentSchemaName="campaign" parentDisplayName="Vaccination Drive" solution="msdynce_Marketing (9.0.4.37)" />
        <Dependent type="26" schemaName="Upcoming Vaccination Drives" displayName="Upcoming Vaccination Drives" parentSchemaName="campaign" parentDisplayName="Vaccination Drive" id="{c933b407-c568-df11-986c-00155d2e3002}" />
      </MissingDependency>
      <MissingDependency>
        <Required type="2" schemaName="name" displayName="Name" parentSchemaName="campaign" parentDisplayName="Vaccination Drive" solution="msdynce_Marketing (9.0.4.37)" />
        <Dependent type="26" schemaName="Launched Vaccination Drives" displayName="Launched Vaccination Drives" parentSchemaName="campaign" parentDisplayName="Vaccination Drive" id="{e0ae0e28-bae2-41e8-bc76-adc046eb6987}" />
      </MissingDependency>
      <MissingDependency>
        <Required type="2" schemaName="name" displayName="Name" parentSchemaName="campaign" parentDisplayName="Vaccination Drive" solution="msdynce_Marketing (9.0.4.37)" />
        <Dependent type="60" displayName="Campaign" parentDisplayName="Vaccination Drive" id="{6356ff2a-bbbe-49fb-9da2-160b08865688}" />
      </MissingDependency>
      <MissingDependency>
        <Required type="2" schemaName="othercost" displayName="Miscellaneous Costs" parentSchemaName="campaign" parentDisplayName="Vaccination Drive" solution="msdynce_Marketing (9.0.4.37)" />
        <Dependent type="60" displayName="Campaign" parentDisplayName="Vaccination Drive" id="{6356ff2a-bbbe-49fb-9da2-160b08865688}" />
      </MissingDependency>
      <MissingDependency>
        <Required type="2" schemaName="ownerid" displayName="Owner" parentSchemaName="campaign" parentDisplayName="Vaccination Drive" solution="msdynce_Marketing (9.0.4.37)" />
        <Dependent type="26" schemaName="All Vaccination Drives" displayName="All Vaccination Drives" parentSchemaName="campaign" parentDisplayName="Vaccination Drive" id="{7f68a34b-26f1-430f-b3ef-7079f2925c69}" />
      </MissingDependency>
      <MissingDependency>
        <Required type="2" schemaName="ownerid" displayName="Owner" parentSchemaName="campaign" parentDisplayName="Vaccination Drive" solution="msdynce_Marketing (9.0.4.37)" />
        <Dependent type="60" displayName="Campaign" parentDisplayName="Vaccination Drive" id="{6356ff2a-bbbe-49fb-9da2-160b08865688}" />
      </MissingDependency>
      <MissingDependency>
        <Required type="2" schemaName="proposedend" displayName="Proposed End Date" parentSchemaName="campaign" parentDisplayName="Vaccination Drive" solution="msdynce_Marketing (9.0.4.37)" />
        <Dependent type="26" schemaName="Upcoming Vaccination Drives" displayName="Upcoming Vaccination Drives" parentSchemaName="campaign" parentDisplayName="Vaccination Drive" id="{c933b407-c568-df11-986c-00155d2e3002}" />
      </MissingDependency>
      <MissingDependency>
        <Required type="2" schemaName="proposedend" displayName="Proposed End Date" parentSchemaName="campaign" parentDisplayName="Vaccination Drive" solution="msdynce_Marketing (9.0.4.37)" />
        <Dependent type="60" displayName="Campaign" parentDisplayName="Vaccination Drive" id="{6356ff2a-bbbe-49fb-9da2-160b08865688}" />
      </MissingDependency>
      <MissingDependency>
        <Required type="2" schemaName="proposedstart" displayName="Proposed Start Date" parentSchemaName="campaign" parentDisplayName="Vaccination Drive" solution="msdynce_Marketing (9.0.4.37)" />
        <Dependent type="60" displayName="Campaign" parentDisplayName="Vaccination Drive" id="{6356ff2a-bbbe-49fb-9da2-160b08865688}" />
      </MissingDependency>
      <MissingDependency>
        <Required type="2" schemaName="statecode" displayName="Status" parentSchemaName="campaign" parentDisplayName="Vaccination Drive" solution="msdynce_Marketing (9.0.4.37)" />
        <Dependent type="26" schemaName="All Vaccination Drives" displayName="All Vaccination Drives" parentSchemaName="campaign" parentDisplayName="Vaccination Drive" id="{7f68a34b-26f1-430f-b3ef-7079f2925c69}" />
      </MissingDependency>
      <MissingDependency>
        <Required type="2" schemaName="statecode" displayName="Status" parentSchemaName="campaign" parentDisplayName="Vaccination Drive" solution="msdynce_Marketing (9.0.4.37)" />
        <Dependent type="26" schemaName="Launched Vaccination Drives" displayName="Launched Vaccination Drives" parentSchemaName="campaign" parentDisplayName="Vaccination Drive" id="{e0ae0e28-bae2-41e8-bc76-adc046eb6987}" />
      </MissingDependency>
      <MissingDependency>
        <Required type="2" schemaName="statecode" displayName="Status" parentSchemaName="campaign" parentDisplayName="Vaccination Drive" solution="msdynce_Marketing (9.0.4.37)" />
        <Dependent type="60" displayName="Campaign" parentDisplayName="Vaccination Drive" id="{6356ff2a-bbbe-49fb-9da2-160b08865688}" />
      </MissingDependency>
      <MissingDependency>
        <Required type="2" schemaName="statuscode" displayName="Status Reason" parentSchemaName="campaign" parentDisplayName="Vaccination Drive" solution="msdynce_Marketing (9.0.4.37)" />
        <Dependent type="26" schemaName="All Vaccination Drives" displayName="All Vaccination Drives" parentSchemaName="campaign" parentDisplayName="Vaccination Drive" id="{7f68a34b-26f1-430f-b3ef-7079f2925c69}" />
      </MissingDependency>
      <MissingDependency>
        <Required type="2" schemaName="statuscode" displayName="Status Reason" parentSchemaName="campaign" parentDisplayName="Vaccination Drive" solution="msdynce_Marketing (9.0.4.37)" />
        <Dependent type="26" schemaName="Upcoming Vaccination Drives" displayName="Upcoming Vaccination Drives" parentSchemaName="campaign" parentDisplayName="Vaccination Drive" id="{c933b407-c568-df11-986c-00155d2e3002}" />
      </MissingDependency>
      <MissingDependency>
        <Required type="2" schemaName="statuscode" displayName="Status Reason" parentSchemaName="campaign" parentDisplayName="Vaccination Drive" solution="msdynce_Marketing (9.0.4.37)" />
        <Dependent type="26" schemaName="Launched Vaccination Drives" displayName="Launched Vaccination Drives" parentSchemaName="campaign" parentDisplayName="Vaccination Drive" id="{e0ae0e28-bae2-41e8-bc76-adc046eb6987}" />
      </MissingDependency>
      <MissingDependency>
        <Required type="2" schemaName="statuscode" displayName="Status Reason" parentSchemaName="campaign" parentDisplayName="Vaccination Drive" solution="msdynce_Marketing (9.0.4.37)" />
        <Dependent type="59" schemaName="Drives by Status" displayName="Drives by Status" parentSchemaName="campaign" parentDisplayName="Vaccination Drive" id="{19eadaeb-5b5d-ed11-9562-6045bdac3edb}" />
      </MissingDependency>
      <MissingDependency>
        <Required type="2" schemaName="statuscode" displayName="Status Reason" parentSchemaName="campaign" parentDisplayName="Vaccination Drive" solution="msdynce_Marketing (9.0.4.37)" />
        <Dependent type="60" displayName="Campaign" parentDisplayName="Vaccination Drive" id="{6356ff2a-bbbe-49fb-9da2-160b08865688}" />
      </MissingDependency>
      <MissingDependency>
        <Required type="2" schemaName="totalactualcost" displayName="Total Cost of Campaign" parentSchemaName="campaign" parentDisplayName="Vaccination Drive" solution="msdynce_Marketing (9.0.4.37)" />
        <Dependent type="60" displayName="Campaign" parentDisplayName="Vaccination Drive" id="{6356ff2a-bbbe-49fb-9da2-160b08865688}" />
      </MissingDependency>
      <MissingDependency>
        <Required type="2" schemaName="totalcampaignactivityactualcost" displayName="Total Cost of Campaign Activities" parentSchemaName="campaign" parentDisplayName="Vaccination Drive" solution="msdynce_Marketing (9.0.4.37)" />
        <Dependent type="60" displayName="Campaign" parentDisplayName="Vaccination Drive" id="{6356ff2a-bbbe-49fb-9da2-160b08865688}" />
      </MissingDependency>
      <MissingDependency>
        <Required type="2" schemaName="transactioncurrencyid" displayName="Currency" parentSchemaName="campaign" parentDisplayName="Vaccination Drive" solution="msdynce_Marketing (9.0.4.37)" />
        <Dependent type="60" displayName="Campaign" parentDisplayName="Vaccination Drive" id="{6356ff2a-bbbe-49fb-9da2-160b08865688}" />
      </MissingDependency>
      <MissingDependency>
        <Required type="2" schemaName="typecode" displayName="Vaccination Drive Type" parentSchemaName="campaign" parentDisplayName="Vaccination Drive" solution="msdynce_Marketing (9.0.4.37)" />
        <Dependent type="2" schemaName="typecode" displayName="Vaccination Drive Type" parentSchemaName="campaign" parentDisplayName="Vaccination Drive" />
      </MissingDependency>
      <MissingDependency>
        <Required type="2" schemaName="createdfromcode" displayName="Marketing List Member Type" parentSchemaName="list" parentDisplayName="Student List" solution="msdynce_Marketing (9.0.4.37)" />
        <Dependent type="26" schemaName="All Student Lists" displayName="All Student Lists" parentSchemaName="list" parentDisplayName="Student List" id="{7d7737d8-1a05-4abb-bebd-843404a83dad}" />
      </MissingDependency>
      <MissingDependency>
        <Required type="2" schemaName="createdfromcode" displayName="Marketing List Member Type" parentSchemaName="list" parentDisplayName="Student List" solution="msdynce_Marketing (9.0.4.37)" />
        <Dependent type="26" schemaName="Student Lists Used in Last 6 Months" displayName="Student Lists Used in Last 6 Months" parentSchemaName="list" parentDisplayName="Student List" id="{8d80f4ac-c8e2-417f-85fb-67126920c6d4}" />
      </MissingDependency>
      <MissingDependency>
        <Required type="2" schemaName="createdfromcode" displayName="Marketing List Member Type" parentSchemaName="list" parentDisplayName="Student List" solution="msdynce_Marketing (9.0.4.37)" />
        <Dependent type="60" displayName="Marketing List" parentDisplayName="Student List" id="{6e77626b-e693-44f0-a1c7-359b1a7a9a4c}" />
      </MissingDependency>
      <MissingDependency>
        <Required type="2" schemaName="description" displayName="Description" parentSchemaName="list" parentDisplayName="Student List" solution="msdynce_Marketing (9.0.4.37)" />
        <Dependent type="60" displayName="Marketing List" parentDisplayName="Student List" id="{6e77626b-e693-44f0-a1c7-359b1a7a9a4c}" />
      </MissingDependency>
      <MissingDependency>
        <Required type="2" schemaName="lastusedon" displayName="Last Used On" parentSchemaName="list" parentDisplayName="Student List" solution="msdynce_Marketing (9.0.4.37)" />
        <Dependent type="26" schemaName="All Student Lists" displayName="All Student Lists" parentSchemaName="list" parentDisplayName="Student List" id="{7d7737d8-1a05-4abb-bebd-843404a83dad}" />
      </MissingDependency>
      <MissingDependency>
        <Required type="2" schemaName="lastusedon" displayName="Last Used On" parentSchemaName="list" parentDisplayName="Student List" solution="msdynce_Marketing (9.0.4.37)" />
        <Dependent type="26" schemaName="Student Lists Used in Last 6 Months" displayName="Student Lists Used in Last 6 Months" parentSchemaName="list" parentDisplayName="Student List" id="{8d80f4ac-c8e2-417f-85fb-67126920c6d4}" />
      </MissingDependency>
      <MissingDependency>
        <Required type="2" schemaName="lastusedon" displayName="Last Used On" parentSchemaName="list" parentDisplayName="Student List" solution="msdynce_Marketing (9.0.4.37)" />
        <Dependent type="60" displayName="Marketing List" parentDisplayName="Student List" id="{6e77626b-e693-44f0-a1c7-359b1a7a9a4c}" />
      </MissingDependency>
      <MissingDependency>
        <Required type="2" schemaName="listid" displayName="Marketing List" parentSchemaName="list" parentDisplayName="Student List" solution="msdynce_Marketing (9.0.4.37)" />
        <Dependent type="26" schemaName="All Student Lists" displayName="All Student Lists" parentSchemaName="list" parentDisplayName="Student List" id="{7d7737d8-1a05-4abb-bebd-843404a83dad}" />
      </MissingDependency>
      <MissingDependency>
        <Required type="2" schemaName="listid" displayName="Marketing List" parentSchemaName="list" parentDisplayName="Student List" solution="msdynce_Marketing (9.0.4.37)" />
        <Dependent type="26" schemaName="Student Lists Used in Last 6 Months" displayName="Student Lists Used in Last 6 Months" parentSchemaName="list" parentDisplayName="Student List" id="{8d80f4ac-c8e2-417f-85fb-67126920c6d4}" />
      </MissingDependency>
      <MissingDependency>
        <Required type="2" schemaName="listname" displayName="Name" parentSchemaName="list" parentDisplayName="Student List" solution="msdynce_Marketing (9.0.4.37)" />
        <Dependent type="26" schemaName="All Student Lists" displayName="All Student Lists" parentSchemaName="list" parentDisplayName="Student List" id="{7d7737d8-1a05-4abb-bebd-843404a83dad}" />
      </MissingDependency>
      <MissingDependency>
        <Required type="2" schemaName="listname" displayName="Name" parentSchemaName="list" parentDisplayName="Student List" solution="msdynce_Marketing (9.0.4.37)" />
        <Dependent type="26" schemaName="Student Lists Used in Last 6 Months" displayName="Student Lists Used in Last 6 Months" parentSchemaName="list" parentDisplayName="Student List" id="{8d80f4ac-c8e2-417f-85fb-67126920c6d4}" />
      </MissingDependency>
      <MissingDependency>
        <Required type="2" schemaName="listname" displayName="Name" parentSchemaName="list" parentDisplayName="Student List" solution="msdynce_Marketing (9.0.4.37)" />
        <Dependent type="60" displayName="Marketing List" parentDisplayName="Student List" id="{6e77626b-e693-44f0-a1c7-359b1a7a9a4c}" />
      </MissingDependency>
      <MissingDependency>
        <Required type="2" schemaName="lockstatus" displayName="Locked" parentSchemaName="list" parentDisplayName="Student List" solution="msdynce_Marketing (9.0.4.37)" />
        <Dependent type="60" displayName="Marketing List" parentDisplayName="Student List" id="{6e77626b-e693-44f0-a1c7-359b1a7a9a4c}" />
      </MissingDependency>
      <MissingDependency>
        <Required type="2" schemaName="membertype" displayName="Member Type" parentSchemaName="list" parentDisplayName="Student List" solution="msdynce_Marketing (9.0.4.37)" />
        <Dependent type="60" displayName="Marketing List" parentDisplayName="Student List" id="{6e77626b-e693-44f0-a1c7-359b1a7a9a4c}" />
      </MissingDependency>
      <MissingDependency>
        <Required type="2" schemaName="ownerid" displayName="Owner" parentSchemaName="list" parentDisplayName="Student List" solution="msdynce_Marketing (9.0.4.37)" />
        <Dependent type="60" displayName="Marketing List" parentDisplayName="Student List" id="{6e77626b-e693-44f0-a1c7-359b1a7a9a4c}" />
      </MissingDependency>
      <MissingDependency>
        <Required type="2" schemaName="purpose" displayName="Purpose" parentSchemaName="list" parentDisplayName="Student List" solution="msdynce_Marketing (9.0.4.37)" />
        <Dependent type="26" schemaName="All Student Lists" displayName="All Student Lists" parentSchemaName="list" parentDisplayName="Student List" id="{7d7737d8-1a05-4abb-bebd-843404a83dad}" />
      </MissingDependency>
      <MissingDependency>
        <Required type="2" schemaName="purpose" displayName="Purpose" parentSchemaName="list" parentDisplayName="Student List" solution="msdynce_Marketing (9.0.4.37)" />
        <Dependent type="26" schemaName="Student Lists Used in Last 6 Months" displayName="Student Lists Used in Last 6 Months" parentSchemaName="list" parentDisplayName="Student List" id="{8d80f4ac-c8e2-417f-85fb-67126920c6d4}" />
      </MissingDependency>
      <MissingDependency>
        <Required type="2" schemaName="purpose" displayName="Purpose" parentSchemaName="list" parentDisplayName="Student List" solution="msdynce_Marketing (9.0.4.37)" />
        <Dependent type="60" displayName="Marketing List" parentDisplayName="Student List" id="{6e77626b-e693-44f0-a1c7-359b1a7a9a4c}" />
      </MissingDependency>
      <MissingDependency>
        <Required type="2" schemaName="query" displayName="Query" parentSchemaName="list" parentDisplayName="Student List" solution="msdynce_Marketing (9.0.4.37)" />
        <Dependent type="60" displayName="Marketing List" parentDisplayName="Student List" id="{6e77626b-e693-44f0-a1c7-359b1a7a9a4c}" />
      </MissingDependency>
      <MissingDependency>
        <Required type="2" schemaName="statecode" displayName="Status" parentSchemaName="list" parentDisplayName="Student List" solution="msdynce_Marketing (9.0.4.37)" />
        <Dependent type="26" schemaName="All Student Lists" displayName="All Student Lists" parentSchemaName="list" parentDisplayName="Student List" id="{7d7737d8-1a05-4abb-bebd-843404a83dad}" />
      </MissingDependency>
      <MissingDependency>
        <Required type="2" schemaName="statecode" displayName="Status" parentSchemaName="list" parentDisplayName="Student List" solution="msdynce_Marketing (9.0.4.37)" />
        <Dependent type="60" displayName="Marketing List" parentDisplayName="Student List" id="{6e77626b-e693-44f0-a1c7-359b1a7a9a4c}" />
      </MissingDependency>
      <MissingDependency>
        <Required type="2" schemaName="type" displayName="Type" parentSchemaName="list" parentDisplayName="Student List" solution="msdynce_Marketing (9.0.4.37)" />
        <Dependent type="26" schemaName="All Student Lists" displayName="All Student Lists" parentSchemaName="list" parentDisplayName="Student List" id="{7d7737d8-1a05-4abb-bebd-843404a83dad}" />
      </MissingDependency>
      <MissingDependency>
        <Required type="2" schemaName="type" displayName="Type" parentSchemaName="list" parentDisplayName="Student List" solution="msdynce_Marketing (9.0.4.37)" />
        <Dependent type="26" schemaName="Student Lists Used in Last 6 Months" displayName="Student Lists Used in Last 6 Months" parentSchemaName="list" parentDisplayName="Student List" id="{8d80f4ac-c8e2-417f-85fb-67126920c6d4}" />
      </MissingDependency>
      <MissingDependency>
        <Required type="2" schemaName="type" displayName="Type" parentSchemaName="list" parentDisplayName="Student List" solution="msdynce_Marketing (9.0.4.37)" />
        <Dependent type="60" displayName="Marketing List" parentDisplayName="Student List" id="{6e77626b-e693-44f0-a1c7-359b1a7a9a4c}" />
      </MissingDependency>
      <MissingDependency>
        <Required type="26" schemaName="Open Leads" displayName="Open Leads" parentSchemaName="lead" parentDisplayName="Lead" solution="msdynce_LeadManagement (9.0.4.0066)" id="{00000000-0000-0000-00aa-000010001006}" />
        <Dependent type="60" displayName="Marketing List" parentDisplayName="Student List" id="{6e77626b-e693-44f0-a1c7-359b1a7a9a4c}" />
      </MissingDependency>
      <MissingDependency>
        <Required type="26" schemaName="List operations tab view" displayName="List operations tab view" parentSchemaName="listoperation" parentDisplayName="List Operation" solution="msdynce_MarketingPatch201905 (9.0.22093.10001)" id="{06ad598b-ed25-4b91-a38d-26fcf9b1de8b}" />
        <Dependent type="60" displayName="Marketing List" parentDisplayName="Student List" id="{6e77626b-e693-44f0-a1c7-359b1a7a9a4c}" />
      </MissingDependency>
      <MissingDependency>
        <Required type="26" schemaName="All Contacts" displayName="All Contacts" parentSchemaName="contact" parentDisplayName="Student" solution="msdynce_AppCommon (9.0.4.0066)" id="{0d5d377b-5e7c-47b5-bab1-a5cb8b4ac105}" />
        <Dependent type="26" schemaName="All Contacts" displayName="All Contacts" parentSchemaName="contact" parentDisplayName="Student" id="{0d5d377b-5e7c-47b5-bab1-a5cb8b4ac105}" />
      </MissingDependency>
      <MissingDependency>
        <Required type="26" schemaName="All Contacts" displayName="All Contacts" parentSchemaName="contact" parentDisplayName="Student" solution="msdynce_AppCommon (9.0.4.0066)" id="{0d5d377b-5e7c-47b5-bab1-a5cb8b4ac105}" />
        <Dependent type="60" displayName="Marketing List" parentDisplayName="Student List" id="{6e77626b-e693-44f0-a1c7-359b1a7a9a4c}" />
      </MissingDependency>
      <MissingDependency>
        <Required type="26" schemaName="Campaign Activities" displayName="Campaign Activities" parentSchemaName="campaignactivity" parentDisplayName="Campaign Activity" solution="msdynce_Marketing (9.0.4.37)" id="{491eec53-c380-e211-90f7-00155d89bb01}" />
        <Dependent type="60" displayName="Campaign" parentDisplayName="Vaccination Drive" id="{6356ff2a-bbbe-49fb-9da2-160b08865688}" />
      </MissingDependency>
      <MissingDependency>
        <Required type="26" schemaName="All Leads" displayName="All Leads" parentSchemaName="lead" parentDisplayName="Lead" solution="msdynce_LeadManagement (9.0.4.0066)" id="{5a926b99-3a5f-df11-ae90-00155d2e3002}" />
        <Dependent type="60" displayName="Marketing List" parentDisplayName="Student List" id="{6e77626b-e693-44f0-a1c7-359b1a7a9a4c}" />
      </MissingDependency>
      <MissingDependency>
        <Required type="26" schemaName="All Accounts" displayName="All Accounts" parentSchemaName="account" parentDisplayName="Account" solution="msdynce_AppCommon (9.0.4.0066)" id="{65ffaf9a-e8c5-432d-860b-32f841b00d87}" />
        <Dependent type="60" displayName="Marketing List" parentDisplayName="Student List" id="{6e77626b-e693-44f0-a1c7-359b1a7a9a4c}" />
      </MissingDependency>
      <MissingDependency>
        <Required type="26" schemaName="My Campaign Responses" displayName="My Campaign Responses" parentSchemaName="campaignresponse" parentDisplayName="Campaign Response" solution="msdynce_Marketing (9.0.4.37)" id="{7a683a37-d63c-453d-9507-3b7628b29e27}" />
        <Dependent type="60" displayName="Campaign" parentDisplayName="Vaccination Drive" id="{6356ff2a-bbbe-49fb-9da2-160b08865688}" />
      </MissingDependency>
      <MissingDependency>
        <Required type="26" schemaName="All Student Lists" displayName="All Student Lists" parentSchemaName="list" parentDisplayName="Student List" solution="msdynce_Marketing (9.0.4.37)" id="{7d7737d8-1a05-4abb-bebd-843404a83dad}" />
        <Dependent type="26" schemaName="All Student Lists" displayName="All Student Lists" parentSchemaName="list" parentDisplayName="Student List" id="{7d7737d8-1a05-4abb-bebd-843404a83dad}" />
      </MissingDependency>
      <MissingDependency>
        <Required type="26" schemaName="All Vaccination Drives" displayName="All Vaccination Drives" parentSchemaName="campaign" parentDisplayName="Vaccination Drive" solution="msdynce_Marketing (9.0.4.37)" id="{7f68a34b-26f1-430f-b3ef-7079f2925c69}" />
        <Dependent type="26" schemaName="All Vaccination Drives" displayName="All Vaccination Drives" parentSchemaName="campaign" parentDisplayName="Vaccination Drive" id="{7f68a34b-26f1-430f-b3ef-7079f2925c69}" />
      </MissingDependency>
      <MissingDependency>
        <Required type="26" schemaName="Student Lists Used in Last 6 Months" displayName="Student Lists Used in Last 6 Months" parentSchemaName="list" parentDisplayName="Student List" solution="msdynce_Marketing (9.0.4.37)" id="{8d80f4ac-c8e2-417f-85fb-67126920c6d4}" />
        <Dependent type="26" schemaName="Student Lists Used in Last 6 Months" displayName="Student Lists Used in Last 6 Months" parentSchemaName="list" parentDisplayName="Student List" id="{8d80f4ac-c8e2-417f-85fb-67126920c6d4}" />
      </MissingDependency>
      <MissingDependency>
        <Required type="26" schemaName="Campaign Marketing Lists" displayName="Campaign Marketing Lists" parentSchemaName="list" parentDisplayName="Student List" solution="msdynce_Marketing (9.0.4.37)" id="{b1b7f81b-c780-e211-90f7-00155d89bb01}" />
        <Dependent type="60" displayName="Campaign" parentDisplayName="Vaccination Drive" id="{6356ff2a-bbbe-49fb-9da2-160b08865688}" />
      </MissingDependency>
      <MissingDependency>
        <Required type="26" schemaName="Upcoming Vaccination Drives" displayName="Upcoming Vaccination Drives" parentSchemaName="campaign" parentDisplayName="Vaccination Drive" solution="msdynce_Marketing (9.0.4.37)" id="{c933b407-c568-df11-986c-00155d2e3002}" />
        <Dependent type="26" schemaName="Upcoming Vaccination Drives" displayName="Upcoming Vaccination Drives" parentSchemaName="campaign" parentDisplayName="Vaccination Drive" id="{c933b407-c568-df11-986c-00155d2e3002}" />
      </MissingDependency>
      <MissingDependency>
        <Required type="26" schemaName="Campaign Responses" displayName="Campaign Responses" parentSchemaName="campaignresponse" parentDisplayName="Campaign Response" solution="msdynce_Marketing (9.0.4.37)" id="{d92f939d-c780-e211-90f7-00155d89bb01}" />
        <Dependent type="60" displayName="Campaign" parentDisplayName="Vaccination Drive" id="{6356ff2a-bbbe-49fb-9da2-160b08865688}" />
      </MissingDependency>
      <MissingDependency>
        <Required type="26" schemaName="Launched Vaccination Drives" displayName="Launched Vaccination Drives" parentSchemaName="campaign" parentDisplayName="Vaccination Drive" solution="msdynce_Marketing (9.0.4.37)" id="{e0ae0e28-bae2-41e8-bc76-adc046eb6987}" />
        <Dependent type="26" schemaName="Launched Vaccination Drives" displayName="Launched Vaccination Drives" parentSchemaName="campaign" parentDisplayName="Vaccination Drive" id="{e0ae0e28-bae2-41e8-bc76-adc046eb6987}" />
      </MissingDependency>
      <MissingDependency>
        <Required type="26" schemaName="List campaigns" displayName="List campaigns" parentSchemaName="campaign" parentDisplayName="Vaccination Drive" solution="msdynce_Marketing (9.0.4.37)" id="{fb4cdd59-b169-49d0-85ad-03ed83d5b97f}" />
        <Dependent type="60" displayName="Marketing List" parentDisplayName="Student List" id="{6e77626b-e693-44f0-a1c7-359b1a7a9a4c}" />
      </MissingDependency>
      <MissingDependency>
        <Required type="26" schemaName="Lead List Member View" displayName="Lead List Member View" parentSchemaName="lead" parentDisplayName="Lead" solution="msdynce_LeadManagement (9.0.4.0066)" id="{fc71d030-7a82-4b51-bde8-29b24b7abf9d}" />
        <Dependent type="60" displayName="Marketing List" parentDisplayName="Student List" id="{6e77626b-e693-44f0-a1c7-359b1a7a9a4c}" />
      </MissingDependency>
      <MissingDependency>
        <Required type="26" schemaName="My Quick Campaigns" displayName="My Quick Campaigns" parentSchemaName="bulkoperation" parentDisplayName="Quick Campaign" solution="msdynce_Marketing (9.0.4.37)" id="{fd4df17c-386e-4e29-9d31-529a568a3bbc}" />
        <Dependent type="60" displayName="Marketing List" parentDisplayName="Student List" id="{6e77626b-e693-44f0-a1c7-359b1a7a9a4c}" />
      </MissingDependency>
      <MissingDependency>
        <Required type="31" schemaName="1033{1ae24c1b-4fb3-438a-9baa-d99fc432443d}" displayName="Vaccination Drive Performance" solution="msdynce_MarketingSales (9.0.4.29)" id="{c52d6134-7d04-e711-80e6-00155db8652a}" />
        <Dependent type="31" schemaName="1033{1ae24c1b-4fb3-438a-9baa-d99fc432443d}" displayName="Vaccination Drive Performance" id="{c52d6134-7d04-e711-80e6-00155db8652a}" />
      </MissingDependency>
      <MissingDependency>
        <Required type="31" schemaName="1033{89086c35-fe03-4776-ad11-df7d884808e3}" displayName="Campaign Performance Sub-Report" parentSchemaName="1033{1ae24c1b-4fb3-438a-9baa-d99fc432443d}" solution="msdynce_MarketingSales (9.0.4.29)" id="{f2139240-7d04-e711-80e6-00155db8652a}" parentId="{c52d6134-7d04-e711-80e6-00155db8652a}" />
        <Dependent type="31" schemaName="1033{1ae24c1b-4fb3-438a-9baa-d99fc432443d}" displayName="Vaccination Drive Performance" id="{c52d6134-7d04-e711-80e6-00155db8652a}" />
      </MissingDependency>
      <MissingDependency>
        <Required type="59" schemaName="Campaign Budget vs. Actual Costs (By Fiscal)" displayName="Campaign Budget vs. Actual Costs (By Fiscal)" parentSchemaName="campaign" parentDisplayName="Vaccination Drive" solution="msdynce_Marketing (9.0.4.37)" id="{587523f8-d186-de11-9ff3-00155da3b012}" />
        <Dependent type="60" displayName="Vaccination Drives Details Dashboard" id="{53f96ccd-5c5d-ed11-9562-6045bdac3edb}" />
      </MissingDependency>
      <MissingDependency>
        <Required type="59" schemaName="Drive Type Mix" displayName="Drive Type Mix" parentSchemaName="campaign" parentDisplayName="Vaccination Drive" solution="msdynce_Marketing (9.0.4.37)" id="{8bcea361-2582-de11-9ff3-00155da3b012}" />
        <Dependent type="59" schemaName="Drive Type Mix" displayName="Drive Type Mix" parentSchemaName="campaign" parentDisplayName="Vaccination Drive" id="{8bcea361-2582-de11-9ff3-00155da3b012}" />
      </MissingDependency>
      <MissingDependency>
        <Required type="60" displayName="Contact" parentDisplayName="Student" solution="msdynce_AppCommon (9.0.4.0066)" id="{1fed44d1-ae68-4a41-bd2b-f13acac4acfa}" />
        <Dependent type="60" displayName="Contact" parentDisplayName="Student" id="{1fed44d1-ae68-4a41-bd2b-f13acac4acfa}" />
      </MissingDependency>
      <MissingDependency>
        <Required type="60" displayName="Campaign" parentDisplayName="Vaccination Drive" solution="msdynce_Marketing (9.0.4.37)" id="{6356ff2a-bbbe-49fb-9da2-160b08865688}" />
        <Dependent type="60" displayName="Campaign" parentDisplayName="Vaccination Drive" id="{6356ff2a-bbbe-49fb-9da2-160b08865688}" />
      </MissingDependency>
      <MissingDependency>
        <Required type="60" displayName="Contact Quick Create" parentDisplayName="Student" solution="msdynce_AppCommon (9.0.4.0066)" id="{661157fe-2fc9-4eaa-835f-5bfa2f7b64f7}" />
        <Dependent type="60" displayName="Contact Quick Create" parentDisplayName="Student" id="{661157fe-2fc9-4eaa-835f-5bfa2f7b64f7}" />
      </MissingDependency>
      <MissingDependency>
        <Required type="60" displayName="Marketing List" parentDisplayName="Student List" solution="msdynce_Marketing (9.0.4.37)" id="{6e77626b-e693-44f0-a1c7-359b1a7a9a4c}" />
        <Dependent type="60" displayName="Marketing List" parentDisplayName="Student List" id="{6e77626b-e693-44f0-a1c7-359b1a7a9a4c}" />
      </MissingDependency>
      <MissingDependency>
        <Required type="60" displayName="In Context Form" parentDisplayName="Opportunity" solution="msdynce_DealManager (9.0.220802.1)" id="{ba7f7ad7-e0e7-43aa-be19-5069dd9c60eb}" />
        <Dependent type="80" schemaName="new_VaccinationProject" displayName="BITS_Vaccination_Tracker" />
      </MissingDependency>
      <MissingDependency>
        <Required type="60" displayName="Contact Card form" parentDisplayName="Student" solution="msdynce_AppCommon (9.0.4.0066)" id="{bc0f68dd-a4b1-4a8f-bed3-c8f5db2f89cf}" />
        <Dependent type="60" displayName="Marketing List" parentDisplayName="Student List" id="{6e77626b-e693-44f0-a1c7-359b1a7a9a4c}" />
      </MissingDependency>
      <MissingDependency>
        <Required type="60" displayName="Account Card form" parentDisplayName="Account" solution="msdynce_AppCommon (9.0.4.0066)" id="{cccff382-2b92-467e-bf1b-3db179512af8}" />
        <Dependent type="60" displayName="Marketing List" parentDisplayName="Student List" id="{6e77626b-e693-44f0-a1c7-359b1a7a9a4c}" />
      </MissingDependency>
      <MissingDependency>
        <Required type="60" displayName="Information" parentDisplayName="Quick Campaign" solution="msdynce_Marketing (9.0.4.37)" id="{e365fd2c-e07d-46b3-9d97-6f9a831867d3}" />
        <Dependent type="80" schemaName="new_VaccinationProject" displayName="BITS_Vaccination_Tracker" />
      </MissingDependency>
      <MissingDependency>
        <Required type="60" displayName="In Context Form" parentDisplayName="Lead" solution="msdynce_DealManager (9.0.220802.1)" id="{e7d96c74-2d77-47b7-9a55-c5d26eb7074c}" />
        <Dependent type="80" schemaName="new_VaccinationProject" displayName="BITS_Vaccination_Tracker" />
      </MissingDependency>
      <MissingDependency>
        <Required type="61" schemaName="msdyn_/Images/AppModule_Default_Icon.png" displayName="msdyn_/Images/AppModule_Default_Icon.png" solution="AppModuleWebResources (2.5)" />
        <Dependent type="80" schemaName="new_VaccinationProject" displayName="BITS_Vaccination_Tracker" />
      </MissingDependency>
      <MissingDependency>
        <Required type="61" schemaName="msdyn_talkingpointsloader.js" displayName="msdyn_talkingpointsloader.js" solution="msdynce_Talkingpoints (9.0.1.701894)" />
        <Dependent type="60" displayName="Contact" parentDisplayName="Student" id="{1fed44d1-ae68-4a41-bd2b-f13acac4acfa}" />
      </MissingDependency>
      <MissingDependency>
        <Required type="61" schemaName="Sales/Contact/Contact_main_system_library.js" displayName="Sales/Contact/Contact_main_system_library.js" solution="msdynce_SalesPatch201904 (9.0.1912.1007)" />
        <Dependent type="60" displayName="Contact" parentDisplayName="Student" id="{1fed44d1-ae68-4a41-bd2b-f13acac4acfa}" />
      </MissingDependency>
      <MissingDependency>
        <Required type="62" schemaName="new_VaccinationProject" solution="Active" />
        <Dependent type="80" schemaName="new_VaccinationProject" displayName="BITS_Vaccination_Tracker" />
      </MissingDependency>
      <MissingDependency>
        <Required type="66" schemaName="MscrmControls.DynamicListSubgrid.DynamicListSubgridControl" displayName="MscrmControls.DynamicListSubgrid.DynamicListSubgridControl" solution="msdynce_MarketingPatch (9.0.1904.1019)" />
        <Dependent type="60" displayName="Marketing List" parentDisplayName="Student List" id="{6e77626b-e693-44f0-a1c7-359b1a7a9a4c}" />
      </MissingDependency>
      <MissingDependency>
        <Required type="66" schemaName="MscrmControls.Grid.ReadOnlyGrid" displayName="MscrmControls.Grid.ReadOnlyGrid" solution="BaseCustomControlsCore (9.0.2210.3015)" />
        <Dependent type="60" displayName="Marketing List" parentDisplayName="Student List" id="{6e77626b-e693-44f0-a1c7-359b1a7a9a4c}" />
      </MissingDependency>
      <MissingDependency>
        <Required type="9" schemaName="campaign_typecode" displayName="Campaign Type" solution="msdynce_Marketing (9.0.4.37)" />
        <Dependent type="9" schemaName="campaign_typecode" displayName="Campaign Type" />
      </MissingDependency>
    </MissingDependencies>
  </SolutionManifest>
</ImportExportXml>